{"cameraMode":{"drawMode":0,"name":"Shaded","section":"Shading Mode"},"sceneLighting":true,"audioPlay":false,"sceneViewState":{"m_AlwaysRefresh":false,"showFog":true,"showSkybox":true,"showFlares":true,"showImageEffects":true,"showParticleSystems":true,"showVisualEffectGraphs":true,"m_FxEnabled":true},"in2DMode":false,"pivot":{"x":1.347561001777649,"y":29.990690231323243,"z":-15.08770751953125},"rotation":{"x":0.31429511308670046,"y":-0.18742765486240388,"z":0.06344474107027054,"w":0.9284783005714417},"size":0.31170254945755007,"orthographic":false}