{"cameraMode":{"drawMode":0,"name":"Shaded","section":"Shading Mode"},"sceneLighting":true,"audioPlay":false,"sceneViewState":{"m_AlwaysRefresh":false,"showFog":true,"showSkybox":true,"showFlares":true,"showImageEffects":true,"showParticleSystems":true,"showVisualEffectGraphs":true,"m_FxEnabled":true},"in2DMode":false,"pivot":{"x":0.9548883438110352,"y":0.2938078045845032,"z":-19.549997329711915},"rotation":{"x":0.39193201065063479,"y":-0.025928065180778505,"z":0.011050867848098278,"w":0.919566810131073},"size":1.5874395370483399,"orthographic":false}