{"cameraMode":{"drawMode":0,"name":"Shaded","section":"Shading Mode"},"sceneLighting":false,"audioPlay":false,"sceneViewState":{"m_AlwaysRefresh":false,"showFog":true,"showSkybox":false,"showFlares":true,"showImageEffects":true,"showParticleSystems":true,"showVisualEffectGraphs":true,"m_FxEnabled":true},"in2DMode":false,"pivot":{"x":-28.550004959106447,"y":6.759978294372559,"z":29.345062255859376},"rotation":{"x":0.3391090929508209,"y":0.050765324383974078,"z":-0.018329180777072908,"w":0.9391836524009705},"size":94.62199401855469,"orthographic":false}