{"cameraMode":{"drawMode":0,"name":"Shaded","section":"Shading Mode"},"sceneLighting":false,"audioPlay":false,"sceneViewState":{"m_AlwaysRefresh":false,"showFog":true,"showSkybox":false,"showFlares":true,"showImageEffects":true,"showParticleSystems":true,"showVisualEffectGraphs":true,"m_FxEnabled":true},"in2DMode":false,"pivot":{"x":-4.019952774047852,"y":15.902156829833985,"z":-6.202064514160156},"rotation":{"x":0.12800313532352448,"y":0.02559705264866352,"z":-0.0033034770749509336,"w":0.9914405941963196},"size":7.467858791351318,"orthographic":false}